namePlayer.x,slugSeason,groupPosition,countGames,countGamesStarted,Tm
Alex Abrines,2018-19,G,31,2,OKC
Jaylen Adams,2018-19,G,34,1,ATL
Steven Adams,2018-19,C,80,80,OKC
Bam Adebayo,2018-19,C,82,28,MIA
LaMarcus Aldridge,2018-19,C,81,81,SAS
Grayson Allen,2018-19,G,38,2,UTA
Jarrett Allen,2018-19,C,80,80,BRK
Al-Farouq Aminu,2018-19,F,81,81,POR
Justin Anderson,2018-19,F,48,4,ATL
Kyle Anderson,2018-19,F,43,40,MEM
Giannis Antetokounmpo,2018-19,F,72,72,MIL
OG Anunoby,2018-19,F,67,6,TOR
Ryan Arcidiacono,2018-19,G,81,32,CHI
Trevor Ariza,2018-19,F,69,69,TOT
D.J. Augustin,2018-19,G,81,81,ORL
Deandre Ayton,2018-19,C,71,70,PHO
Dwayne Bacon,2018-19,G,43,13,CHO
Marvin Bagley III,2018-19,F,62,4,SAC
Lonzo Ball,2018-19,G,47,45,LAL
Mo Bamba,2018-19,C,47,1,ORL
J.J. Barea,2018-19,G,38,0,DAL
Harrison Barnes,2018-19,F,77,77,TOT
Will Barton,2018-19,F,43,38,DEN
Keita Bates-Diop,2018-19,F,30,3,MIN
Nicolas Batum,2018-19,F,75,72,CHO
Jerryd Bayless,2018-19,G,34,6,MIN
Aron Baynes,2018-19,C,51,18,BOS
Kent Bazemore,2018-19,G,67,35,ATL
Bradley Beal,2018-19,G,82,82,WAS
Malik Beasley,2018-19,G,81,18,DEN
Marco Belinelli,2018-19,G,79,1,SAS
Jordan Bell,2018-19,C,68,3,GSW
DeAndre' Bembry,2018-19,G,82,15,ATL
Dragan Bender,2018-19,F,46,27,PHO
Davis Bertans,2018-19,F,76,12,SAS
Patrick Beverley,2018-19,G,78,49,LAC
Khem Birch,2018-19,C,50,1,ORL
Bismack Biyombo,2018-19,C,54,32,CHO
Nemanja Bjelica,2018-19,F,77,70,SAC
Antonio Blakeney,2018-19,G,57,3,CHI
Eric Bledsoe,2018-19,G,78,78,MIL
Bogdan Bogdanovic,2018-19,G,70,17,SAC
Bojan Bogdanovic,2018-19,F,81,81,IND
Jonah Bolden,2018-19,F,44,10,PHI
Devin Booker,2018-19,G,64,64,PHO
Avery Bradley,2018-19,G,63,63,TOT
Corey Brewer,2018-19,F,31,3,TOT
Mikal Bridges,2018-19,F,82,56,PHO
Miles Bridges,2018-19,F,80,25,CHO
Isaiah Briscoe,2018-19,G,39,0,ORL
Ryan Broekhoff,2018-19,G,42,0,DAL
Malcolm Brogdon,2018-19,G,64,64,MIL
Bruce Brown,2018-19,G,74,56,DET
Jaylen Brown,2018-19,G,74,25,BOS
Sterling Brown,2018-19,G,58,7,MIL
Troy Brown Jr.,2018-19,F,52,10,WAS
Jalen Brunson,2018-19,G,73,38,DAL
Thomas Bryant,2018-19,C,72,53,WAS
Reggie Bullock,2018-19,G,63,60,TOT
Trey Burke,2018-19,G,58,8,TOT
Alec Burks,2018-19,G,64,24,TOT
Deonte Burton,2018-19,G,32,0,OKC
Jimmy Butler,2018-19,F,65,65,TOT
Bruno Caboclo,2018-19,F,34,19,MEM
Jose Calderon,2018-19,G,49,0,DET
Kentavious Caldwell-Pope,2018-19,G,82,23,LAL
Isaiah Canaan,2018-19,G,30,16,TOT
Clint Capela,2018-19,C,67,67,HOU
DeMarre Carroll,2018-19,F,67,8,BRK
Jevon Carter,2018-19,G,39,3,MEM
Vince Carter,2018-19,F,76,9,ATL
Wendell Carter Jr.,2018-19,C,44,44,CHI
Omri Casspi,2018-19,F,36,0,MEM
Willie Cauley-Stein,2018-19,C,81,81,SAC
Tyson Chandler,2018-19,C,55,6,TOT
Wilson Chandler,2018-19,F,51,33,TOT
Marquese Chriss,2018-19,F,43,2,TOT
Gary Clark,2018-19,F,51,2,HOU
Ian Clark,2018-19,G,60,6,NOP
Jordan Clarkson,2018-19,G,81,0,CLE
John Collins,2018-19,F,61,59,ATL
Zach Collins,2018-19,C,77,0,POR
Darren Collison,2018-19,G,76,76,IND
Mike Conley,2018-19,G,70,70,MEM
Pat Connaughton,2018-19,G,61,2,MIL
Quinn Cook,2018-19,G,74,10,GSW
DeMarcus Cousins,2018-19,C,30,30,GSW
Robert Covington,2018-19,F,35,35,TOT
Allen Crabbe,2018-19,G,43,20,BRK
Torrey Craig,2018-19,F,75,37,DEN
Jamal Crawford,2018-19,G,64,0,PHO
Jae Crowder,2018-19,F,80,11,UTA
Dante Cunningham,2018-19,F,64,21,SAS
Seth Curry,2018-19,G,74,2,POR
Stephen Curry,2018-19,G,69,69,GSW
Troy Daniels,2018-19,G,51,1,PHO
Anthony Davis,2018-19,C,56,56,NOP
Ed Davis,2018-19,C,81,1,BRK
Dewayne Dedmon,2018-19,C,64,52,ATL
Sam Dekker,2018-19,F,47,5,TOT
Matthew Dellavedova,2018-19,G,48,0,TOT
DeMar DeRozan,2018-19,G,77,77,SAS
Cheick Diallo,2018-19,F,64,1,NOP
Hamidou Diallo,2018-19,G,51,3,OKC
Gorgui Dieng,2018-19,C,76,2,MIN
Spencer Dinwiddie,2018-19,G,68,4,BRK
Luka Doncic,2018-19,G,72,72,DAL
Tyler Dorsey,2018-19,G,48,11,TOT
Damyean Dotson,2018-19,G,73,40,NYK
Goran Dragic,2018-19,G,36,22,MIA
Andre Drummond,2018-19,C,79,79,DET
Jared Dudley,2018-19,F,59,25,BRK
Kris Dunn,2018-19,G,46,44,CHI
Kevin Durant,2018-19,F,78,78,GSW
Wayne Ellington,2018-19,G,53,38,TOT
Joel Embiid,2018-19,C,64,64,PHI
James Ennis III,2018-19,F,58,27,TOT
Jacob Evans,2018-19,G,30,1,GSW
Tyreke Evans,2018-19,G,69,18,IND
Dante Exum,2018-19,G,42,1,UTA
Kenneth Faried,2018-19,C,37,13,TOT
Derrick Favors,2018-19,C,76,70,UTA
Cristiano Felicio,2018-19,C,60,0,CHI
Raymond Felton,2018-19,G,33,0,OKC
Terrance Ferguson,2018-19,G,74,74,OKC
Yogi Ferrell,2018-19,G,71,3,SAC
Dorian Finney-Smith,2018-19,F,81,26,DAL
Bryn Forbes,2018-19,G,82,81,SAS
Evan Fournier,2018-19,G,81,81,ORL
De'Aaron Fox,2018-19,G,81,81,SAC
Tim Frazier,2018-19,G,59,19,TOT
Enes Freedom,2018-19,C,67,31,TOT
Channing Frye,2018-19,C,36,6,CLE
Danilo Gallinari,2018-19,F,68,68,LAC
Langston Galloway,2018-19,G,80,4,DET
Marc Gasol,2018-19,C,79,72,TOT
Pau Gasol,2018-19,C,30,6,TOT
Rudy Gay,2018-19,F,69,51,SAS
Paul George,2018-19,F,77,77,OKC
Taj Gibson,2018-19,F,70,57,MIN
Harry Giles III,2018-19,F,58,0,SAC
Shai Gilgeous-Alexander,2018-19,G,82,73,LAC
Rudy Gobert,2018-19,C,81,80,UTA
Aaron Gordon,2018-19,F,78,78,ORL
Eric Gordon,2018-19,G,68,53,HOU
Marcin Gortat,2018-19,C,47,43,LAC
Devonte' Graham,2018-19,G,46,3,CHO
Treveon Graham,2018-19,G,35,21,BRK
Jerami Grant,2018-19,F,80,77,OKC
Jerian Grant,2018-19,G,60,1,ORL
Danny Green,2018-19,G,80,80,TOR
Draymond Green,2018-19,F,66,66,GSW
Gerald Green,2018-19,G,73,0,HOU
JaMychal Green,2018-19,F,65,6,TOT
Jeff Green,2018-19,F,77,44,WAS
Blake Griffin,2018-19,F,75,75,DET
Tim Hardaway Jr.,2018-19,G,65,63,TOT
James Harden,2018-19,G,78,78,HOU
Maurice Harkless,2018-19,F,60,53,POR
Montrezl Harrell,2018-19,C,82,5,LAC
Devin Harris,2018-19,G,68,2,DAL
Gary Harris,2018-19,G,57,48,DEN
Joe Harris,2018-19,G,76,76,BRK
Tobias Harris,2018-19,F,82,82,TOT
Shaquille Harrison,2018-19,G,73,11,CHI
Josh Hart,2018-19,G,67,22,LAL
Gordon Hayward,2018-19,F,72,18,BOS
Juancho Hernangomez,2018-19,F,70,25,DEN
Willy Hernangomez,2018-19,C,58,3,CHO
Mario Hezonja,2018-19,F,58,24,NYK
Buddy Hield,2018-19,G,82,82,SAC
Nene,2018-19,C,42,2,HOU
George Hill,2018-19,G,60,13,TOT
Solomon Hill,2018-19,F,44,15,NOP
Aaron Holiday,2018-19,G,50,0,IND
Jrue Holiday,2018-19,G,67,67,NOP
Justin Holiday,2018-19,G,82,77,TOT
Rondae Hollis-Jefferson,2018-19,F,59,21,BRK
Richaun Holmes,2018-19,C,70,4,PHO
Rodney Hood,2018-19,G,72,49,TOT
Al Horford,2018-19,C,68,68,BOS
Danuel House Jr.,2018-19,F,39,13,HOU
Kevin Huerter,2018-19,G,75,59,ATL
Chandler Hutchison,2018-19,F,44,14,CHI
Serge Ibaka,2018-19,C,74,51,TOR
Andre Iguodala,2018-19,F,68,13,GSW
Ersan Ilyasova,2018-19,F,67,7,MIL
Joe Ingles,2018-19,F,82,82,UTA
Brandon Ingram,2018-19,F,52,52,LAL
Kyrie Irving,2018-19,G,67,67,BOS
Jonathan Isaac,2018-19,F,75,64,ORL
Wes Iwundu,2018-19,F,68,13,ORL
Frank Jackson,2018-19,G,61,16,NOP
Jaren Jackson Jr.,2018-19,F,58,56,MEM
Josh Jackson,2018-19,G,79,29,PHO
Justin Jackson,2018-19,F,81,14,TOT
Reggie Jackson,2018-19,G,82,82,DET
LeBron James,2018-19,F,55,55,LAL
Jonas Jerebko,2018-19,F,73,6,GSW
Amir Johnson,2018-19,C,51,6,PHI
James Johnson,2018-19,F,55,33,MIA
Stanley Johnson,2018-19,F,66,7,TOT
Tyler Johnson,2018-19,G,57,22,TOT
Wesley Johnson,2018-19,F,38,13,TOT
Nikola Jokic,2018-19,C,80,80,DEN
Derrick Jones Jr.,2018-19,F,60,14,MIA
Tyus Jones,2018-19,G,68,23,MIN
DeAndre Jordan,2018-19,C,69,69,TOT
Cory Joseph,2018-19,G,82,9,IND
Frank Kaminsky,2018-19,C,47,0,CHO
Luke Kennard,2018-19,G,63,10,DET
Michael Kidd-Gilchrist,2018-19,F,64,3,CHO
Maxi Kleber,2018-19,F,71,18,DAL
Brandon Knight,2018-19,G,39,26,TOT
Kevin Knox II,2018-19,F,75,57,NYK
Furkan Korkmaz,2018-19,G,48,7,PHI
Luke Kornet,2018-19,F,46,18,NYK
Kyle Korver,2018-19,G,70,0,TOT
Kosta Koufos,2018-19,C,42,1,SAC
Rodions Kurucs,2018-19,F,63,46,BRK
Kyle Kuzma,2018-19,F,70,68,LAL
Jeremy Lamb,2018-19,G,79,55,CHO
Zach LaVine,2018-19,G,63,62,CHI
Jake Layman,2018-19,F,71,33,POR
TJ Leaf,2018-19,F,58,1,IND
Courtney Lee,2018-19,G,34,6,TOT
Damion Lee,2018-19,G,32,0,GSW
Alex Len,2018-19,C,77,31,ATL
Kawhi Leonard,2018-19,F,60,60,TOR
Meyers Leonard,2018-19,C,61,2,POR
Jon Leuer,2018-19,F,41,1,DET
Caris LeVert,2018-19,F,40,25,BRK
Damian Lillard,2018-19,G,80,80,POR
Jeremy Lin,2018-19,G,74,4,TOT
Shaun Livingston,2018-19,G,64,0,GSW
Kevon Looney,2018-19,C,80,24,GSW
Brook Lopez,2018-19,C,81,81,MIL
Robin Lopez,2018-19,C,74,36,CHI
Kyle Lowry,2018-19,G,65,65,TOR
Timothe Luwawu-Cabarrot,2018-19,F,50,7,TOT
Trey Lyles,2018-19,F,64,2,DEN
Shelvin Mack,2018-19,G,57,3,TOT
Ian Mahinmi,2018-19,C,34,6,WAS
Thon Maker,2018-19,C,64,5,TOT
Boban Marjanovic,2018-19,C,58,12,TOT
Lauri Markkanen,2018-19,F,52,51,CHI
Jarell Martin,2018-19,F,42,1,ORL
Frank Mason III,2018-19,G,38,0,SAC
Wesley Matthews,2018-19,F,69,68,TOT
CJ McCollum,2018-19,G,70,70,POR
T.J. McConnell,2018-19,G,76,3,PHI
Doug McDermott,2018-19,F,77,1,IND
JaVale McGee,2018-19,C,75,62,LAL
Rodney McGruder,2018-19,G,66,45,MIA
Alfonzo McKinnie,2018-19,F,72,5,GSW
Salah Mejri,2018-19,C,36,4,DAL
De'Anthony Melton,2018-19,G,50,31,PHO
Khris Middleton,2018-19,F,77,77,MIL
CJ Miles,2018-19,F,53,1,TOT
Darius Miller,2018-19,F,69,15,NOP
Patty Mills,2018-19,G,82,1,SAS
Paul Millsap,2018-19,F,70,65,DEN
Nikola Mirotic,2018-19,F,46,25,TOT
Donovan Mitchell,2018-19,G,77,77,UTA
Malik Monk,2018-19,G,73,0,CHO
Greg Monroe,2018-19,C,43,2,TOT
E'Twaun Moore,2018-19,G,53,36,NOP
Marcus Morris Sr.,2018-19,F,75,53,BOS
Markieff Morris,2018-19,F,58,16,TOT
Monte Morris,2018-19,G,82,6,DEN
Emmanuel Mudiay,2018-19,G,59,42,NYK
Jamal Murray,2018-19,G,75,74,DEN
Mike Muscala,2018-19,F,64,10,TOT
Svi Mykhailiuk,2018-19,F,42,0,TOT
Abdel Nader,2018-19,F,61,1,OKC
Larry Nance Jr.,2018-19,C,67,30,CLE
Shabazz Napier,2018-19,G,56,2,BRK
Raul Neto,2018-19,G,37,1,UTA
Georges Niang,2018-19,F,59,0,UTA
Joakim Noah,2018-19,C,42,1,MEM
Nerlens Noel,2018-19,C,77,2,OKC
Dirk Nowitzki,2018-19,F,51,20,DAL
Frank Ntilikina,2018-19,G,43,16,NYK
Jusuf Nurkic,2018-19,C,72,72,POR
David Nwaba,2018-19,F,51,14,CLE
Royce O'Neale,2018-19,F,82,16,UTA
Kyle O'Quinn,2018-19,C,45,3,IND
Semi Ojeleye,2018-19,F,56,3,BOS
Jahlil Okafor,2018-19,C,59,24,NOP
Elie Okobo,2018-19,G,53,16,PHO
Josh Okogie,2018-19,G,74,52,MIN
Victor Oladipo,2018-19,G,36,36,IND
Kelly Olynyk,2018-19,F,79,36,MIA
Cedi Osman,2018-19,F,76,75,CLE
Kelly Oubre Jr.,2018-19,F,69,19,TOT
Zaza Pachulia,2018-19,C,68,3,DET
Jabari Parker,2018-19,F,64,17,TOT
Tony Parker,2018-19,G,56,0,CHO
Patrick Patterson,2018-19,F,63,5,OKC
Chris Paul,2018-19,G,58,58,HOU
Cameron Payne,2018-19,G,40,13,TOT
Elfrid Payton,2018-19,G,42,42,NOP
Mason Plumlee,2018-19,C,82,17,DEN
Jakob Poeltl,2018-19,C,77,24,SAS
Quincy Pondexter,2018-19,F,53,0,SAS
Otto Porter Jr.,2018-19,F,56,43,TOT
Bobby Portis,2018-19,F,50,28,TOT
Dwight Powell,2018-19,C,77,22,DAL
Norman Powell,2018-19,G,60,3,TOR
Taurean Prince,2018-19,F,55,47,ATL
Ivan Rabb,2018-19,F,49,13,MEM
Chasson Randle,2018-19,G,49,2,WAS
Julius Randle,2018-19,F,73,49,NOP
JJ Redick,2018-19,G,76,63,PHI
Josh Richardson,2018-19,G,73,73,MIA
Austin Rivers,2018-19,G,76,15,TOT
Glenn Robinson III,2018-19,F,47,18,DET
Jerome Robinson,2018-19,G,33,0,LAC
Mitchell Robinson,2018-19,C,66,19,NYK
Rajon Rondo,2018-19,G,46,29,LAL
Derrick Rose,2018-19,G,51,13,MIN
Terrence Ross,2018-19,G,81,0,ORL
Terry Rozier,2018-19,G,79,14,BOS
Ricky Rubio,2018-19,G,68,67,UTA
D'Angelo Russell,2018-19,G,81,81,BRK
Domantas Sabonis,2018-19,C,74,5,IND
Dario Saric,2018-19,F,81,41,TOT
Tomas Satoransky,2018-19,G,80,54,WAS
Dennis Schroder,2018-19,G,79,14,OKC
Mike Scott,2018-19,F,79,3,TOT
Thabo Sefolosha,2018-19,F,50,2,UTA
Wayne Selden,2018-19,G,75,13,TOT
Collin Sexton,2018-19,G,82,72,CLE
Landry Shamet,2018-19,G,79,27,TOT
Iman Shumpert,2018-19,G,62,41,TOT
Pascal Siakam,2018-19,F,80,79,TOR
Ben Simmons,2018-19,G,79,79,PHI
Jonathon Simmons,2018-19,G,56,9,TOT
Marcus Smart,2018-19,G,80,60,BOS
Dennis Smith Jr.,2018-19,G,53,50,TOT
Ish Smith,2018-19,G,56,0,DET
Tony Snell,2018-19,F,74,12,MIL
Omari Spellman,2018-19,F,46,11,ATL
Nik Stauskas,2018-19,G,68,0,TOT
Lance Stephenson,2018-19,G,68,3,LAL
Jayson Tatum,2018-19,F,79,79,BOS
Jeff Teague,2018-19,G,42,41,MIN
Garrett Temple,2018-19,G,75,55,TOT
Daniel Theis,2018-19,C,66,2,BOS
Lance Thomas,2018-19,F,46,17,NYK
Klay Thompson,2018-19,G,78,78,GSW
Tristan Thompson,2018-19,C,43,40,CLE
Sindarius Thornwell,2018-19,G,64,1,LAC
Anthony Tolliver,2018-19,F,65,0,MIN
Karl-Anthony Towns,2018-19,C,77,77,MIN
Allonzo Trier,2018-19,G,64,3,NYK
P.J. Tucker,2018-19,F,82,82,HOU
Evan Turner,2018-19,G,73,2,POR
Myles Turner,2018-19,C,74,74,IND
Ekpe Udoh,2018-19,C,51,1,UTA
Jonas Valanciunas,2018-19,C,49,27,TOT
Fred VanVleet,2018-19,G,64,28,TOR
Noah Vonleh,2018-19,F,68,57,NYK
Nikola Vucevic,2018-19,C,80,80,ORL
Dwyane Wade,2018-19,G,72,2,MIA
Moritz Wagner,2018-19,C,43,5,LAL
Dion Waiters,2018-19,G,44,28,MIA
Kemba Walker,2018-19,G,82,82,CHO
John Wall,2018-19,G,32,32,WAS
Tyrone Wallace,2018-19,G,62,0,LAC
Brad Wanamaker,2018-19,G,36,0,BOS
T.J. Warren,2018-19,F,43,36,PHO
Russell Westbrook,2018-19,G,73,73,OKC
Derrick White,2018-19,G,67,55,SAS
Hassan Whiteside,2018-19,C,72,53,MIA
Andrew Wiggins,2018-19,F,73,73,MIN
Kenrich Williams,2018-19,F,46,29,NOP
Lou Williams,2018-19,G,75,1,LAC
Marvin Williams,2018-19,F,75,75,CHO
Robert Williams III,2018-19,C,32,2,BOS
D.J. Wilson,2018-19,F,48,3,MIL
Justise Winslow,2018-19,F,66,52,MIA
Delon Wright,2018-19,G,75,13,TOT
Guerschon Yabusele,2018-19,F,41,1,BOS
Thaddeus Young,2018-19,F,81,81,IND
Trae Young,2018-19,G,81,81,ATL
Cody Zeller,2018-19,C,49,47,CHO
Ante Zizic,2018-19,C,59,25,CLE
Ivica Zubac,2018-19,C,59,37,TOT
Steven Adams,2019-20,C,63,63,OKC
Bam Adebayo,2019-20,F,72,72,MIA
LaMarcus Aldridge,2019-20,C,53,53,SAS
Nickeil Alexander-Walker,2019-20,G,47,1,NOP
Grayson Allen,2019-20,G,38,0,MEM
Jarrett Allen,2019-20,C,70,64,BRK
Kyle Anderson,2019-20,F,67,28,MEM
Giannis Antetokounmpo,2019-20,F,63,63,MIL
Carmelo Anthony,2019-20,F,58,58,POR
OG Anunoby,2019-20,F,69,68,TOR
Ryan Arcidiacono,2019-20,G,58,4,CHI
Trevor Ariza,2019-20,F,53,21,TOT
D.J. Augustin,2019-20,G,57,13,ORL
Deandre Ayton,2019-20,C,38,32,PHO
Dwayne Bacon,2019-20,G,39,11,CHO
Lonzo Ball,2019-20,G,63,54,NOP
Mo Bamba,2019-20,C,62,0,ORL
Harrison Barnes,2019-20,F,72,72,SAC
RJ Barrett,2019-20,G,56,55,NYK
Will Barton,2019-20,F,58,58,DEN
Keita Bates-Diop,2019-20,F,44,0,TOT
Aron Baynes,2019-20,C,42,28,PHO
Kent Bazemore,2019-20,F,68,21,TOT
Darius Bazley,2019-20,F,61,9,OKC
Bradley Beal,2019-20,G,57,57,WAS
Malik Beasley,2019-20,G,55,14,TOT
Marco Belinelli,2019-20,G,57,0,SAS
DeAndre' Bembry,2019-20,G,43,4,ATL
Davis Bertans,2019-20,F,54,4,WAS
Patrick Beverley,2019-20,G,51,50,LAC
Khem Birch,2019-20,C,48,24,ORL
Goga Bitadze,2019-20,C,54,2,IND
Bismack Biyombo,2019-20,C,53,29,CHO
Nemanja Bjelica,2019-20,F,72,67,SAC
Eric Bledsoe,2019-20,G,61,61,MIL
Bogdan Bogdanovic,2019-20,G,61,28,SAC
Bojan Bogdanovic,2019-20,F,63,63,UTA
Isaac Bonga,2019-20,F,66,49,WAS
Devin Booker,2019-20,G,70,70,PHO
Chris Boucher,2019-20,C,62,0,TOR
Ky Bowman,2019-20,G,45,12,GSW
Avery Bradley,2019-20,G,49,44,LAL
Tony Bradley,2019-20,C,58,3,UTA
Mikal Bridges,2019-20,F,73,32,PHO
Miles Bridges,2019-20,F,65,64,CHO
Malcolm Brogdon,2019-20,G,54,54,IND
Dillon Brooks,2019-20,G,73,73,MEM
Bruce Brown,2019-20,G,58,43,DET
Jaylen Brown,2019-20,G,57,57,BOS
Sterling Brown,2019-20,F,52,1,MIL
Troy Brown Jr.,2019-20,F,69,22,WAS
Jalen Brunson,2019-20,G,57,16,DAL
Thomas Bryant,2019-20,C,46,36,WAS
Trey Burke,2019-20,G,33,1,TOT
Alec Burks,2019-20,F,66,19,TOT
Deonte Burton,2019-20,F,39,0,OKC
Jimmy Butler,2019-20,F,58,58,MIA
Bruno Caboclo,2019-20,C,30,0,TOT
Kentavious Caldwell-Pope,2019-20,G,69,26,LAL
Clint Capela,2019-20,C,39,39,HOU
Jevon Carter,2019-20,G,58,2,PHO
Vince Carter,2019-20,F,60,0,ATL
Wendell Carter Jr.,2019-20,C,43,43,CHI
Michael Carter-Williams,2019-20,G,45,0,ORL
Alex Caruso,2019-20,G,64,2,LAL
Willie Cauley-Stein,2019-20,C,54,39,TOT
Wilson Chandler,2019-20,F,35,3,BRK
Marquese Chriss,2019-20,F,59,21,GSW
Gary Clark,2019-20,F,42,5,TOT
Brandon Clarke,2019-20,F,58,4,MEM
Jordan Clarkson,2019-20,G,71,2,TOT
Chris Clemons,2019-20,G,33,0,HOU
John Collins,2019-20,F,41,41,ATL
Mike Conley,2019-20,G,47,41,UTA
Pat Connaughton,2019-20,G,67,4,MIL
Quinn Cook,2019-20,G,44,1,LAL
Robert Covington,2019-20,F,70,68,TOT
Allen Crabbe,2019-20,G,37,1,TOT
Torrey Craig,2019-20,F,58,27,DEN
Jae Crowder,2019-20,F,65,53,TOT
Jarrett Culver,2019-20,G,63,35,MIN
Seth Curry,2019-20,G,64,25,DAL
Troy Daniels,2019-20,G,47,0,TOT
Anthony Davis,2019-20,F,62,62,LAL
Terence Davis,2019-20,G,72,4,TOR
Dewayne Dedmon,2019-20,C,44,18,TOT
Matthew Dellavedova,2019-20,G,57,4,CLE
DeMar DeRozan,2019-20,F,68,68,SAS
Cheick Diallo,2019-20,C,47,2,PHO
Hamidou Diallo,2019-20,F,46,3,OKC
Gorgui Dieng,2019-20,C,63,17,TOT
Spencer Dinwiddie,2019-20,G,64,49,BRK
Donte DiVincenzo,2019-20,G,66,24,MIL
Luka Doncic,2019-20,G,61,61,DAL
Luguentz Dort,2019-20,F,36,28,OKC
Damyean Dotson,2019-20,G,48,0,NYK
Sekou Doumbouya,2019-20,F,38,19,DET
Goran Dragic,2019-20,G,59,3,MIA
Andre Drummond,2019-20,C,57,56,TOT
Jared Dudley,2019-20,F,45,1,LAL
Kris Dunn,2019-20,G,51,32,CHI
Carsen Edwards,2019-20,G,37,0,BOS
Wayne Ellington,2019-20,G,36,1,NYK
Joel Embiid,2019-20,C,51,51,PHI
James Ennis III,2019-20,F,69,18,TOT
Dante Exum,2019-20,G,35,1,TOT
Derrick Favors,2019-20,C,51,49,NOP
Terrance Ferguson,2019-20,F,56,38,OKC
Bruno Fernando,2019-20,C,56,13,ATL
Yogi Ferrell,2019-20,G,50,0,SAC
Dorian Finney-Smith,2019-20,F,71,68,DAL
Bryn Forbes,2019-20,G,63,62,SAS
Evan Fournier,2019-20,F,66,66,ORL
De'Aaron Fox,2019-20,G,51,49,SAC
Enes Freedom,2019-20,C,58,7,BOS
Markelle Fultz,2019-20,G,72,60,ORL
Wenyen Gabriel,2019-20,F,30,1,TOT
Daniel Gafford,2019-20,C,43,7,CHI
Danilo Gallinari,2019-20,F,62,62,OKC
Langston Galloway,2019-20,G,66,6,DET
Darius Garland,2019-20,G,59,59,CLE
Marc Gasol,2019-20,C,44,43,TOR
Rudy Gay,2019-20,F,67,5,SAS
Paul George,2019-20,F,48,48,LAC
Taj Gibson,2019-20,C,62,56,NYK
Harry Giles III,2019-20,C,46,17,SAC
Shai Gilgeous-Alexander,2019-20,G,70,70,OKC
Rudy Gobert,2019-20,C,68,68,UTA
Brandon Goodwin,2019-20,G,34,1,ATL
Aaron Gordon,2019-20,F,62,62,ORL
Eric Gordon,2019-20,F,36,15,HOU
Devonte' Graham,2019-20,G,63,53,CHO
Treveon Graham,2019-20,F,55,20,TOT
Jerami Grant,2019-20,F,71,24,DEN
Danny Green,2019-20,G,68,68,LAL
Draymond Green,2019-20,F,43,43,GSW
JaMychal Green,2019-20,F,63,1,LAC
Javonte Green,2019-20,G,48,2,BOS
Jeff Green,2019-20,F,48,4,TOT
Marko Guduric,2019-20,G,44,0,MEM
Rui Hachimura,2019-20,F,48,48,WAS
Tim Hardaway Jr.,2019-20,G,71,58,DAL
James Harden,2019-20,G,68,68,HOU
Maurice Harkless,2019-20,F,62,48,TOT
Montrezl Harrell,2019-20,C,63,2,LAC
Gary Harris,2019-20,G,56,55,DEN
Joe Harris,2019-20,F,69,69,BRK
Tobias Harris,2019-20,F,72,72,PHI
Shaquille Harrison,2019-20,G,43,10,CHI
Josh Hart,2019-20,F,65,16,NOP
Jaxson Hayes,2019-20,C,64,14,NOP
Gordon Hayward,2019-20,F,52,52,BOS
John Henson,2019-20,C,40,8,TOT
Juancho Hernangomez,2019-20,F,48,14,TOT
Willy Hernangomez,2019-20,C,31,0,CHO
Tyler Herro,2019-20,G,55,8,MIA
Mario Hezonja,2019-20,F,53,4,POR
Buddy Hield,2019-20,G,72,44,SAC
George Hill,2019-20,G,59,2,MIL
Solomon Hill,2019-20,F,59,4,TOT
Aaron Holiday,2019-20,G,66,33,IND
Jrue Holiday,2019-20,G,61,61,NOP
Justin Holiday,2019-20,F,73,6,IND
Rondae Hollis-Jefferson,2019-20,F,60,6,TOR
Richaun Holmes,2019-20,C,44,38,SAC
Al Horford,2019-20,C,67,61,PHI
Danuel House Jr.,2019-20,F,63,52,HOU
Dwight Howard,2019-20,C,69,2,LAL
Kevin Huerter,2019-20,G,56,48,ATL
De'Andre Hunter,2019-20,F,63,62,ATL
Serge Ibaka,2019-20,C,55,27,TOR
Ersan Ilyasova,2019-20,F,63,8,MIL
Joe Ingles,2019-20,F,72,45,UTA
Brandon Ingram,2019-20,F,62,62,NOP
Jonathan Isaac,2019-20,F,34,32,ORL
Wes Iwundu,2019-20,F,52,21,ORL
Frank Jackson,2019-20,G,59,2,NOP
Jaren Jackson Jr.,2019-20,C,57,57,MEM
Justin Jackson,2019-20,F,65,3,DAL
Reggie Jackson,2019-20,G,31,16,TOT
Justin James,2019-20,F,36,0,SAC
LeBron James,2019-20,G,67,67,LAL
Ty Jerome,2019-20,G,31,0,PHO
Cameron Johnson,2019-20,F,57,9,PHO
James Johnson,2019-20,F,32,1,TOT
Tyler Johnson,2019-20,G,39,7,TOT
Nikola Jokic,2019-20,C,73,73,DEN
Damian Jones,2019-20,C,55,27,ATL
Derrick Jones Jr.,2019-20,F,59,16,MIA
Tyus Jones,2019-20,G,65,6,MEM
DeAndre Jordan,2019-20,C,56,6,BRK
Cory Joseph,2019-20,G,72,26,SAC
Frank Kaminsky,2019-20,C,39,13,PHO
Maxi Kleber,2019-20,F,74,21,DAL
Kevin Knox II,2019-20,F,65,4,NYK
Furkan Korkmaz,2019-20,G,72,12,PHI
Luke Kornet,2019-20,C,36,14,CHI
Kyle Korver,2019-20,F,58,1,MIL
Rodions Kurucs,2019-20,F,47,9,BRK
Kyle Kuzma,2019-20,F,61,9,LAL
Skal Labissiere,2019-20,C,33,1,POR
Jeremy Lamb,2019-20,G,46,42,IND
Romeo Langford,2019-20,G,32,2,BOS
Zach LaVine,2019-20,F,60,60,CHI
Damion Lee,2019-20,G,49,36,GSW
Alex Len,2019-20,C,55,12,TOT
Kawhi Leonard,2019-20,F,57,57,LAC
Meyers Leonard,2019-20,C,51,49,MIA
Caris LeVert,2019-20,G,45,31,BRK
Damian Lillard,2019-20,G,66,66,POR
Nassir Little,2019-20,F,48,5,POR
Brook Lopez,2019-20,C,68,67,MIL
Robin Lopez,2019-20,C,66,5,MIL
Kevin Love,2019-20,F,56,56,CLE
Kyle Lowry,2019-20,G,58,58,TOR
Timothe Luwawu-Cabarrot,2019-20,F,47,2,BRK
Trey Lyles,2019-20,F,63,53,SAS
Ian Mahinmi,2019-20,C,38,35,WAS
Thon Maker,2019-20,C,60,14,DET
Terance Mann,2019-20,F,41,6,LAC
Boban Marjanovic,2019-20,C,44,5,DAL
Lauri Markkanen,2019-20,F,50,50,CHI
Cody Martin,2019-20,F,48,3,CHO
Kelan Martin,2019-20,F,31,4,MIN
Wesley Matthews,2019-20,G,67,67,MIL
Patrick McCaw,2019-20,F,37,12,TOR
CJ McCollum,2019-20,G,70,70,POR
T.J. McConnell,2019-20,G,71,3,IND
Doug McDermott,2019-20,F,69,0,IND
JaVale McGee,2019-20,C,68,68,LAL
Rodney McGruder,2019-20,G,56,4,LAC
Alfonzo McKinnie,2019-20,F,40,1,CLE
Jordan McLaughlin,2019-20,G,30,2,MIN
Ben McLemore,2019-20,F,71,23,HOU
Jordan McRae,2019-20,G,37,4,TOT
Nicolo Melli,2019-20,C,60,8,NOP
De'Anthony Melton,2019-20,G,60,8,MEM
Khris Middleton,2019-20,F,62,59,MIL
Patty Mills,2019-20,G,66,1,SAS
Paul Millsap,2019-20,F,51,48,DEN
Shake Milton,2019-20,G,40,24,PHI
Donovan Mitchell,2019-20,G,69,69,UTA
Malik Monk,2019-20,G,55,1,CHO
E'Twaun Moore,2019-20,G,56,6,NOP
Ja Morant,2019-20,G,67,67,MEM
Marcus Morris Sr.,2019-20,F,62,62,TOT
Markieff Morris,2019-20,F,58,17,TOT
Monte Morris,2019-20,G,73,12,DEN
Emmanuel Mudiay,2019-20,G,54,2,UTA
Dejounte Murray,2019-20,G,66,58,SAS
Jamal Murray,2019-20,G,59,59,DEN
Dzanan Musa,2019-20,F,40,0,BRK
Mike Muscala,2019-20,C,47,2,OKC
Svi Mykhailiuk,2019-20,F,56,27,DET
Abdel Nader,2019-20,F,55,6,OKC
Larry Nance Jr.,2019-20,F,56,10,CLE
Shabazz Napier,2019-20,G,56,32,TOT
Raul Neto,2019-20,G,54,3,PHI
Georges Niang,2019-20,F,66,1,UTA
Nerlens Noel,2019-20,C,61,7,OKC
Frank Ntilikina,2019-20,G,57,26,NYK
Kendrick Nunn,2019-20,G,67,67,MIA
Royce O'Neale,2019-20,F,71,62,UTA
Semi Ojeleye,2019-20,F,69,6,BOS
Jahlil Okafor,2019-20,C,30,9,NOP
Elie Okobo,2019-20,G,55,3,PHO
Josh Okogie,2019-20,G,62,28,MIN
Kelly Olynyk,2019-20,C,67,9,MIA
Cedi Osman,2019-20,F,65,65,CLE
Kelly Oubre Jr.,2019-20,F,56,55,PHO
Jabari Parker,2019-20,F,38,23,TOT
Eric Paschall,2019-20,F,60,26,GSW
Patrick Patterson,2019-20,F,59,18,LAC
Chris Paul,2019-20,G,70,70,OKC
Elfrid Payton,2019-20,G,45,36,NYK
Theo Pinson,2019-20,G,33,0,BRK
Mason Plumlee,2019-20,C,61,1,DEN
Jakob Poeltl,2019-20,C,66,18,SAS
Jordan Poole,2019-20,G,57,14,GSW
Kevin Porter Jr.,2019-20,F,50,3,CLE
Michael Porter Jr.,2019-20,F,55,8,DEN
Bobby Portis,2019-20,F,66,5,NYK
Kristaps Porzingis,2019-20,C,57,57,DAL
Dwight Powell,2019-20,C,40,37,DAL
Norman Powell,2019-20,G,52,26,TOR
Taurean Prince,2019-20,F,64,61,BRK
Julius Randle,2019-20,F,64,64,NYK
Cam Reddish,2019-20,F,58,34,ATL
JJ Redick,2019-20,G,60,36,NOP
Naz Reid,2019-20,C,30,11,MIN
Josh Richardson,2019-20,G,55,53,PHI
Austin Rivers,2019-20,G,68,4,HOU
Duncan Robinson,2019-20,G,73,68,MIA
Glenn Robinson III,2019-20,F,62,52,TOT
Jerome Robinson,2019-20,G,63,6,TOT
Mitchell Robinson,2019-20,C,61,7,NYK
Rajon Rondo,2019-20,G,48,3,LAL
Derrick Rose,2019-20,G,50,15,DET
Terrence Ross,2019-20,G,69,0,ORL
Terry Rozier,2019-20,G,63,63,CHO
Ricky Rubio,2019-20,G,65,65,PHO
D'Angelo Russell,2019-20,G,45,45,TOT
Domantas Sabonis,2019-20,F,62,62,IND
JaKarr Sampson,2019-20,F,34,12,IND
Dario Saric,2019-20,F,66,51,PHO
Tomas Satoransky,2019-20,G,65,64,CHI
Admiral Schofield,2019-20,F,33,2,WAS
Dennis Schroder,2019-20,G,65,2,OKC
Mike Scott,2019-20,F,68,11,PHI
Thabo Sefolosha,2019-20,F,41,0,HOU
Collin Sexton,2019-20,G,65,65,CLE
Landry Shamet,2019-20,G,53,30,LAC
Pascal Siakam,2019-20,F,60,60,TOR
Chris Silva,2019-20,F,44,0,MIA
Ben Simmons,2019-20,G,57,57,PHI
Anfernee Simons,2019-20,G,70,4,POR
Marcus Smart,2019-20,G,60,40,BOS
Dennis Smith Jr.,2019-20,G,34,3,NYK
Ish Smith,2019-20,G,68,23,WAS
Tony Snell,2019-20,F,59,57,DET
Omari Spellman,2019-20,C,49,3,GSW
Edmond Sumner,2019-20,G,31,3,IND
Jayson Tatum,2019-20,F,66,66,BOS
Jeff Teague,2019-20,G,59,17,TOT
Garrett Temple,2019-20,G,62,35,BRK
Daniel Theis,2019-20,C,65,64,BOS
Isaiah Thomas,2019-20,G,40,37,WAS
Matt Thomas,2019-20,G,41,1,TOR
Tristan Thompson,2019-20,F,57,51,CLE
Matisse Thybulle,2019-20,G,65,14,PHI
Anthony Tolliver,2019-20,F,55,13,TOT
Karl-Anthony Towns,2019-20,C,35,35,MIN
Gary Trent Jr.,2019-20,F,61,8,POR
P.J. Tucker,2019-20,F,72,72,HOU
Myles Turner,2019-20,C,62,62,IND
Jonas Valanciunas,2019-20,C,70,70,MEM
Denzel Valentine,2019-20,F,36,5,CHI
Fred VanVleet,2019-20,G,54,54,TOR
Noah Vonleh,2019-20,C,36,1,TOT
Nikola Vucevic,2019-20,C,62,62,ORL
Moritz Wagner,2019-20,C,45,5,WAS
Kemba Walker,2019-20,G,56,56,BOS
Lonnie Walker IV,2019-20,G,61,12,SAS
Brad Wanamaker,2019-20,G,71,1,BOS
T.J. Warren,2019-20,F,67,67,IND
P.J. Washington,2019-20,F,58,57,CHO
Russell Westbrook,2019-20,G,57,57,HOU
Coby White,2019-20,G,65,1,CHI
Derrick White,2019-20,G,68,20,SAS
Hassan Whiteside,2019-20,C,67,61,POR
Andrew Wiggins,2019-20,F,54,54,TOT
Grant Williams,2019-20,F,69,5,BOS
Kenrich Williams,2019-20,F,39,18,NOP
Lou Williams,2019-20,G,65,8,LAC
Marvin Williams,2019-20,F,58,1,TOT
D.J. Wilson,2019-20,F,37,1,MIL
Christian Wood,2019-20,F,62,12,DET
Delon Wright,2019-20,G,73,5,DAL
Thaddeus Young,2019-20,F,64,16,CHI
Trae Young,2019-20,G,60,60,ATL
Cody Zeller,2019-20,C,58,39,CHO
Ivica Zubac,2019-20,C,72,70,LAC
Precious Achiuwa,2020-21,F,61,4,MIA
Steven Adams,2020-21,C,58,58,NOP
Bam Adebayo,2020-21,C,64,64,MIA
Nickeil Alexander-Walker,2020-21,G,46,13,NOP
Grayson Allen,2020-21,G,50,38,MEM
Jarrett Allen,2020-21,C,63,45,TOT
Kyle Anderson,2020-21,F,69,69,MEM
Giannis Antetokounmpo,2020-21,F,61,61,MIL
Thanasis Antetokounmpo,2020-21,F,57,3,MIL
Carmelo Anthony,2020-21,F,69,3,POR
Cole Anthony,2020-21,G,47,34,ORL
OG Anunoby,2020-21,F,43,43,TOR
Ryan Arcidiacono,2020-21,G,44,0,CHI
Trevor Ariza,2020-21,F,30,27,MIA
D.J. Augustin,2020-21,G,57,12,TOT
Deni Avdija,2020-21,F,54,32,WAS
Deandre Ayton,2020-21,C,69,69,PHO
Dwayne Bacon,2020-21,G,72,50,ORL
Marvin Bagley III,2020-21,F,43,42,SAC
LaMelo Ball,2020-21,G,51,31,CHO
Lonzo Ball,2020-21,G,55,55,NOP
Mo Bamba,2020-21,C,46,5,ORL
Desmond Bane,2020-21,G,68,17,MEM
Harrison Barnes,2020-21,F,58,58,SAC
RJ Barrett,2020-21,G,72,72,NYK
Will Barton,2020-21,F,56,52,DEN
Keita Bates-Diop,2020-21,F,30,0,SAS
Nicolas Batum,2020-21,F,67,38,LAC
Aron Baynes,2020-21,C,53,31,TOR
Kent Bazemore,2020-21,F,67,18,GSW
Darius Bazley,2020-21,F,55,55,OKC
Bradley Beal,2020-21,G,60,60,WAS
Malik Beasley,2020-21,G,37,36,MIN
DeAndre' Bembry,2020-21,F,51,12,TOR
Davis Bertans,2020-21,F,57,7,WAS
Patrick Beverley,2020-21,G,37,34,LAC
Saddiq Bey,2020-21,F,70,53,DET
Khem Birch,2020-21,C,67,22,TOT
Goga Bitadze,2020-21,C,45,3,IND
Bismack Biyombo,2020-21,C,66,36,CHO
Nemanja Bjelica,2020-21,F,37,3,TOT
Eric Bledsoe,2020-21,G,71,70,NOP
Bogdan Bogdanovic,2020-21,G,44,27,ATL
Bojan Bogdanovic,2020-21,F,72,72,UTA
Bol Bol,2020-21,F,32,2,DEN
Isaac Bonga,2020-21,F,40,8,WAS
Devin Booker,2020-21,G,67,67,PHO
Chris Boucher,2020-21,C,60,14,TOR
Tony Bradley,2020-21,C,42,8,TOT
Mikal Bridges,2020-21,F,72,72,PHO
Miles Bridges,2020-21,F,66,19,CHO
Malcolm Brogdon,2020-21,G,56,56,IND
Dillon Brooks,2020-21,F,67,67,MEM
Bruce Brown,2020-21,G,65,37,BRK
Jaylen Brown,2020-21,G,58,58,BOS
Moses Brown,2020-21,C,43,32,OKC
Sterling Brown,2020-21,G,51,14,HOU
Troy Brown Jr.,2020-21,F,34,0,TOT
Jalen Brunson,2020-21,G,68,12,DAL
Reggie Bullock,2020-21,F,65,64,NYK
Trey Burke,2020-21,G,62,1,DAL
Alec Burks,2020-21,G,49,5,NYK
Jimmy Butler,2020-21,F,52,52,MIA
Kentavious Caldwell-Pope,2020-21,G,67,67,LAL
Facundo Campazzo,2020-21,G,65,19,DEN
Vlatko Cancar,2020-21,F,41,1,DEN
Clint Capela,2020-21,C,63,63,ATL
Jevon Carter,2020-21,G,60,1,PHO
Wendell Carter Jr.,2020-21,C,54,44,TOT
Michael Carter-Williams,2020-21,G,31,25,ORL
Alex Caruso,2020-21,G,58,6,LAL
Willie Cauley-Stein,2020-21,C,53,16,DAL
Gary Clark,2020-21,F,39,11,TOT
Brandon Clarke,2020-21,F,59,16,MEM
Jordan Clarkson,2020-21,G,68,1,UTA
Nic Claxton,2020-21,C,32,1,BRK
Amir Coffey,2020-21,G,44,1,LAC
John Collins,2020-21,F,63,63,ATL
Mike Conley,2020-21,G,51,51,UTA
Pat Connaughton,2020-21,G,69,4,MIL
Tyler Cook,2020-21,F,32,1,TOT
DeMarcus Cousins,2020-21,C,41,11,TOT
Robert Covington,2020-21,F,70,70,POR
Torrey Craig,2020-21,F,50,8,TOT
Jae Crowder,2020-21,F,60,42,PHO
Jarrett Culver,2020-21,G,34,7,MIN
Seth Curry,2020-21,G,57,57,PHI
Stephen Curry,2020-21,G,63,63,GSW
Anthony Davis,2020-21,F,36,36,LAL
Terence Davis,2020-21,G,61,4,TOT
DeMar DeRozan,2020-21,F,61,61,SAS
Hamidou Diallo,2020-21,G,52,9,TOT
Gorgui Dieng,2020-21,C,38,1,TOT
Donte DiVincenzo,2020-21,G,66,66,MIL
Luka Doncic,2020-21,G,66,66,DAL
Luguentz Dort,2020-21,G,52,52,OKC
Damyean Dotson,2020-21,G,46,7,CLE
Sekou Doumbouya,2020-21,F,56,11,DET
PJ Dozier,2020-21,G,50,6,DEN
Goran Dragic,2020-21,G,50,11,MIA
Andre Drummond,2020-21,C,46,46,TOT
Kevin Durant,2020-21,F,35,32,BRK
Anthony Edwards,2020-21,G,72,55,MIN
Carsen Edwards,2020-21,G,31,1,BOS
CJ Elleby,2020-21,F,30,0,POR
Wayne Ellington,2020-21,G,46,31,DET
Joel Embiid,2020-21,C,51,51,PHI
James Ennis III,2020-21,F,41,37,ORL
Drew Eubanks,2020-21,C,54,3,SAS
Derrick Favors,2020-21,C,68,0,UTA
Bruno Fernando,2020-21,C,33,0,ATL
Dorian Finney-Smith,2020-21,F,60,60,DAL
Malachi Flynn,2020-21,G,47,14,TOR
Bryn Forbes,2020-21,G,70,10,MIL
Trent Forrest,2020-21,G,30,0,UTA
Evan Fournier,2020-21,F,42,36,TOT
De'Aaron Fox,2020-21,G,58,58,SAC
Enes Freedom,2020-21,C,72,35,POR
Daniel Gafford,2020-21,F,54,11,TOT
Danilo Gallinari,2020-21,F,51,4,ATL
Langston Galloway,2020-21,G,40,0,PHO
Darius Garland,2020-21,G,54,50,CLE
Marc Gasol,2020-21,C,52,42,LAL
Rudy Gay,2020-21,F,63,1,SAS
Paul George,2020-21,F,54,54,LAC
Taj Gibson,2020-21,C,45,3,NYK
Harry Giles III,2020-21,C,38,0,POR
Shai Gilgeous-Alexander,2020-21,G,35,35,OKC
Rudy Gobert,2020-21,C,71,71,UTA
Brandon Goodwin,2020-21,G,47,5,ATL
Aaron Gordon,2020-21,F,50,50,TOT
Devonte' Graham,2020-21,G,55,44,CHO
Jerami Grant,2020-21,F,54,54,DET
Danny Green,2020-21,F,69,69,PHI
Draymond Green,2020-21,F,63,63,GSW
JaMychal Green,2020-21,F,58,5,DEN
Javonte Green,2020-21,F,41,2,TOT
Jeff Green,2020-21,C,68,38,BRK
Josh Green,2020-21,G,39,5,DAL
Blake Griffin,2020-21,F,46,30,TOT
Kyle Guy,2020-21,G,31,0,SAC
Rui Hachimura,2020-21,F,57,57,WAS
Tyrese Haliburton,2020-21,G,58,20,SAC
R.J. Hampton,2020-21,G,51,1,TOT
Tim Hardaway Jr.,2020-21,G,70,31,DAL
James Harden,2020-21,G,44,43,TOT
Maurice Harkless,2020-21,F,37,23,TOT
Montrezl Harrell,2020-21,C,69,1,LAL
Gary Harris,2020-21,G,39,38,TOT
Joe Harris,2020-21,F,69,65,BRK
Tobias Harris,2020-21,F,62,62,PHI
Shaquille Harrison,2020-21,G,34,0,TOT
Josh Hart,2020-21,F,47,4,NOP
Isaiah Hartenstein,2020-21,C,46,2,TOT
Jaxson Hayes,2020-21,C,60,3,NOP
Gordon Hayward,2020-21,F,44,44,CHO
Juancho Hernangomez,2020-21,F,52,6,MIN
Willy Hernangomez,2020-21,C,47,12,NOP
Tyler Herro,2020-21,G,54,15,MIA
Buddy Hield,2020-21,G,71,71,SAC
George Hill,2020-21,G,30,17,TOT
Solomon Hill,2020-21,F,71,16,ATL
Aaron Holiday,2020-21,G,66,8,IND
Jrue Holiday,2020-21,G,59,56,MIL
Justin Holiday,2020-21,G,72,52,IND
Richaun Holmes,2020-21,C,61,61,SAC
Rodney Hood,2020-21,F,55,5,TOT
Talen Horton-Tucker,2020-21,G,65,4,LAL
Danuel House Jr.,2020-21,F,36,23,HOU
Dwight Howard,2020-21,C,69,6,PHI
Markus Howard,2020-21,G,37,1,DEN
Kevin Huerter,2020-21,G,69,49,ATL
Serge Ibaka,2020-21,C,41,39,LAC
Andre Iguodala,2020-21,F,63,5,MIA
Joe Ingles,2020-21,F,67,30,UTA
Brandon Ingram,2020-21,F,61,61,NOP
Kyrie Irving,2020-21,G,54,54,BRK
Wes Iwundu,2020-21,F,41,4,TOT
Frank Jackson,2020-21,G,40,6,DET
Josh Jackson,2020-21,G,62,25,DET
Justin Jackson,2020-21,F,34,3,TOT
Reggie Jackson,2020-21,G,67,43,LAC
Justin James,2020-21,F,36,0,SAC
LeBron James,2020-21,G,45,45,LAL
DaQuan Jeffries,2020-21,G,31,5,TOT
Ty Jerome,2020-21,G,33,1,OKC
Isaiah Joe,2020-21,G,41,1,PHI
Cameron Johnson,2020-21,F,60,11,PHO
James Johnson,2020-21,F,51,12,TOT
Keldon Johnson,2020-21,F,69,67,SAS
Stanley Johnson,2020-21,F,61,13,TOR
Tyler Johnson,2020-21,G,39,3,BRK
Nikola Jokic,2020-21,C,72,72,DEN
Damian Jones,2020-21,C,39,10,TOT
Derrick Jones Jr.,2020-21,F,58,43,POR
Mason Jones,2020-21,G,32,1,TOT
Tre Jones,2020-21,G,37,1,SAS
Tyus Jones,2020-21,G,70,9,MEM
DeAndre Jordan,2020-21,C,57,43,BRK
Cory Joseph,2020-21,G,63,13,TOT
Mfiondu Kabengele,2020-21,F,39,0,TOT
Frank Kaminsky,2020-21,C,47,13,PHO
Luke Kennard,2020-21,G,63,17,LAC
Maxi Kleber,2020-21,F,50,40,DAL
Nathan Knight,2020-21,F,33,0,ATL
Kevin Knox II,2020-21,F,42,0,NYK
John Konchar,2020-21,G,43,0,MEM
Furkan Korkmaz,2020-21,G,55,11,PHI
Luke Kornet,2020-21,C,31,2,TOT
Kyle Kuzma,2020-21,F,68,32,LAL
Jeremy Lamb,2020-21,G,36,8,IND
Zach LaVine,2020-21,G,58,58,CHI
Jake Layman,2020-21,F,45,11,MIN
Damion Lee,2020-21,G,57,1,GSW
Saben Lee,2020-21,G,48,7,DET
Alex Len,2020-21,C,64,42,TOT
Kawhi Leonard,2020-21,F,52,52,LAC
Caris LeVert,2020-21,G,47,39,TOT
Kira Lewis Jr.,2020-21,G,54,0,NOP
Damian Lillard,2020-21,G,67,67,POR
Nassir Little,2020-21,F,48,2,POR
Kevon Looney,2020-21,C,61,34,GSW
Brook Lopez,2020-21,C,70,70,MIL
Robin Lopez,2020-21,C,71,9,WAS
Kyle Lowry,2020-21,G,46,46,TOR
Timothe Luwawu-Cabarrot,2020-21,F,58,7,BRK
Theo Maledon,2020-21,G,65,49,OKC
Terance Mann,2020-21,G,67,10,LAC
Nico Mannion,2020-21,G,30,1,GSW
Boban Marjanovic,2020-21,C,33,3,DAL
Lauri Markkanen,2020-21,F,51,26,CHI
Naji Marshall,2020-21,F,32,10,NOP
Caleb Martin,2020-21,F,53,3,CHO
Cody Martin,2020-21,F,52,10,CHO
Kelan Martin,2020-21,F,35,0,IND
Kenyon Martin Jr.,2020-21,F,45,8,HOU
Garrison Mathews,2020-21,G,64,24,WAS
Wesley Matthews,2020-21,G,58,10,LAL
Tyrese Maxey,2020-21,G,61,8,PHI
Skylar Mays,2020-21,G,33,0,ATL
CJ McCollum,2020-21,G,47,47,POR
T.J. McConnell,2020-21,G,69,3,IND
Jaden McDaniels,2020-21,F,63,27,MIN
Jalen McDaniels,2020-21,F,47,18,CHO
Doug McDermott,2020-21,F,66,29,IND
JaVale McGee,2020-21,C,46,2,TOT
Alfonzo McKinnie,2020-21,F,39,0,LAL
Jordan McLaughlin,2020-21,G,51,2,MIN
Ben McLemore,2020-21,G,53,5,TOT
Nicolo Melli,2020-21,F,45,4,TOT
De'Anthony Melton,2020-21,G,52,1,MEM
Sam Merrill,2020-21,G,30,2,MIL
Chimezie Metu,2020-21,C,36,6,SAC
Khris Middleton,2020-21,F,68,68,MIL
Patty Mills,2020-21,G,68,1,SAS
Paul Millsap,2020-21,F,56,36,DEN
Shake Milton,2020-21,G,63,4,PHI
Donovan Mitchell,2020-21,G,53,53,UTA
Malik Monk,2020-21,G,42,0,CHO
Ja Morant,2020-21,G,63,63,MEM
Marcus Morris Sr.,2020-21,F,57,29,LAC
Markieff Morris,2020-21,F,61,27,LAL
Monte Morris,2020-21,G,47,13,DEN
Mychal Mulder,2020-21,G,60,6,GSW
Dejounte Murray,2020-21,G,67,67,SAS
Jamal Murray,2020-21,G,48,48,DEN
Mike Muscala,2020-21,C,35,0,OKC
Svi Mykhailiuk,2020-21,F,66,14,TOT
Larry Nance Jr.,2020-21,F,35,27,CLE
Aaron Nesmith,2020-21,F,46,1,BOS
Raul Neto,2020-21,G,64,22,WAS
Georges Niang,2020-21,F,72,10,UTA
Zeke Nnaji,2020-21,F,42,1,DEN
Nerlens Noel,2020-21,C,64,41,NYK
Jaylen Nowell,2020-21,G,42,0,MIN
Frank Ntilikina,2020-21,G,33,4,NYK
Kendrick Nunn,2020-21,G,56,44,MIA
Jusuf Nurkic,2020-21,C,37,37,POR
David Nwaba,2020-21,F,30,9,HOU
Jordan Nwora,2020-21,F,30,2,MIL
Royce O'Neale,2020-21,F,71,71,UTA
Semi Ojeleye,2020-21,F,56,15,BOS
Chuma Okeke,2020-21,F,45,19,ORL
Josh Okogie,2020-21,G,59,37,MIN
Onyeka Okongwu,2020-21,C,50,4,ATL
Isaac Okoro,2020-21,G,67,67,CLE
KZ Okpala,2020-21,F,37,9,MIA
Victor Oladipo,2020-21,G,33,33,TOT
Kelly Olynyk,2020-21,C,70,62,TOT
Miye Oni,2020-21,G,54,0,UTA
Cedi Osman,2020-21,F,59,26,CLE
Daniel Oturu,2020-21,C,30,0,LAC
Kelly Oubre Jr.,2020-21,F,55,50,GSW
Eric Paschall,2020-21,F,40,2,GSW
Patrick Patterson,2020-21,F,38,5,LAC
Chris Paul,2020-21,G,70,70,PHO
Cameron Payne,2020-21,G,60,1,PHO
Elfrid Payton,2020-21,G,63,63,NYK
Mason Plumlee,2020-21,C,56,56,DET
Jakob Poeltl,2020-21,C,69,51,SAS
Aleksej Pokusevski,2020-21,F,45,28,OKC
Jordan Poole,2020-21,G,51,7,GSW
Michael Porter Jr.,2020-21,F,61,54,DEN
Bobby Portis,2020-21,C,66,7,MIL
Kristaps Porzingis,2020-21,C,43,43,DAL
Dwight Powell,2020-21,C,58,19,DAL
Norman Powell,2020-21,G,69,58,TOT
Taurean Prince,2020-21,F,41,10,TOT
Payton Pritchard,2020-21,G,66,4,BOS
Immanuel Quickley,2020-21,G,64,3,NYK
Chasson Randle,2020-21,G,41,5,ORL
Julius Randle,2020-21,F,71,71,NYK
JJ Redick,2020-21,G,44,0,TOT
Naz Reid,2020-21,C,70,15,MIN
Josh Richardson,2020-21,G,59,56,DAL
Austin Rivers,2020-21,G,36,7,TOT
Duncan Robinson,2020-21,F,72,72,MIA
Mitchell Robinson,2020-21,C,31,29,NYK
Isaiah Roby,2020-21,F,61,34,OKC
Rajon Rondo,2020-21,G,45,3,TOT
Derrick Rose,2020-21,G,50,3,TOT
Terrence Ross,2020-21,G,46,2,ORL
Terry Rozier,2020-21,G,69,69,CHO
Ricky Rubio,2020-21,G,68,51,MIN
D'Angelo Russell,2020-21,G,42,26,MIN
Domantas Sabonis,2020-21,F,62,62,IND
Luka Samanic,2020-21,F,33,4,SAS
Dario Saric,2020-21,C,50,4,PHO
Tomas Satoransky,2020-21,G,58,18,CHI
Dennis Schroder,2020-21,G,61,61,LAL
Mike Scott,2020-21,F,51,12,PHI
Collin Sexton,2020-21,G,60,60,CLE
Landry Shamet,2020-21,G,61,12,BRK
Pascal Siakam,2020-21,F,56,56,TOR
Ben Simmons,2020-21,G,58,58,PHI
Anfernee Simons,2020-21,G,64,0,POR
Marcus Smart,2020-21,G,48,45,BOS
Ish Smith,2020-21,G,44,1,WAS
Tony Snell,2020-21,G,47,23,ATL
Lamar Stevens,2020-21,F,40,0,CLE
Isaiah Stewart,2020-21,C,68,14,DET
Max Strus,2020-21,F,39,0,MIA
Edmond Sumner,2020-21,G,53,24,IND
Jae'Sean Tate,2020-21,F,70,58,HOU
Jayson Tatum,2020-21,F,64,64,BOS
Jeff Teague,2020-21,G,55,7,TOT
Garrett Temple,2020-21,G,56,25,CHI
Daniel Theis,2020-21,C,65,51,TOT
Brodric Thomas,2020-21,G,32,1,TOT
Matt Thomas,2020-21,G,45,0,TOT
Tristan Thompson,2020-21,F,54,43,BOS
Matisse Thybulle,2020-21,G,65,8,PHI
Xavier Tillman Sr.,2020-21,F,59,12,MEM
Obi Toppin,2020-21,F,62,0,NYK
Juan Toscano-Anderson,2020-21,G,53,16,GSW
Karl-Anthony Towns,2020-21,C,50,50,MIN
Gary Trent Jr.,2020-21,G,58,38,TOT
P.J. Tucker,2020-21,F,52,33,TOT
Myles Turner,2020-21,C,47,47,IND
Jonas Valanciunas,2020-21,C,62,61,MEM
Denzel Valentine,2020-21,G,62,3,CHI
Jarred Vanderbilt,2020-21,F,64,30,MIN
Fred VanVleet,2020-21,G,52,52,TOR
Devin Vassell,2020-21,F,62,7,SAS
Gabe Vincent,2020-21,G,50,7,MIA
Nikola Vucevic,2020-21,C,70,70,TOT
Dean Wade,2020-21,F,63,19,CLE
Moritz Wagner,2020-21,C,45,24,TOT
Kemba Walker,2020-21,G,43,43,BOS
Lonnie Walker IV,2020-21,G,60,38,SAS
John Wall,2020-21,G,40,40,HOU
Brad Wanamaker,2020-21,G,61,0,TOT
P.J. Washington,2020-21,F,64,61,CHO
Yuta Watanabe,2020-21,F,50,4,TOR
Russell Westbrook,2020-21,G,65,65,WAS
Coby White,2020-21,G,69,54,CHI
Derrick White,2020-21,G,36,32,SAS
Hassan Whiteside,2020-21,C,36,4,SAC
Andrew Wiggins,2020-21,F,71,71,GSW
Grant Williams,2020-21,F,63,9,BOS
Kenrich Williams,2020-21,F,66,13,OKC
Lou Williams,2020-21,G,66,4,TOT
Patrick Williams,2020-21,F,71,71,CHI
Robert Williams III,2020-21,C,52,13,BOS
Zion Williamson,2020-21,F,61,61,NOP
D.J. Wilson,2020-21,F,35,1,TOT
Dylan Windler,2020-21,F,31,0,CLE
James Wiseman,2020-21,C,39,27,GSW
Christian Wood,2020-21,C,41,41,HOU
Delon Wright,2020-21,G,63,39,TOT
Thaddeus Young,2020-21,F,68,23,CHI
Trae Young,2020-21,G,63,63,ATL
Cody Zeller,2020-21,C,48,21,CHO
Ivica Zubac,2020-21,C,72,33,LAC
